Model,rouge1,rouge2,rougeL,rougeLsum,Average Score
bert,0.74819271,0.686270584,0.6888,0.6884,0.7077
lstm_bahdanau,0.685955,0.300094,0.5139,0.2253,0.5433
TextRank,0.5028,0.3924,0.4402,0.4402,0.4451
TF-IDF,0.4836,0.3779,0.4144,0.4144,0.4253
